{"accuracy": [0.583597719669342, 0.8607155680656433, 0.9172060489654541, 0.9430685043334961, 0.9585887789726257, 0.9663276076316833, 0.972402036190033, 0.9769827127456665, 0.9798136353492737, 0.9821751117706299], "loss": [1.4037035703659058, 0.43238627910614014, 0.2568966746330261, 0.17454196512699127, 0.12786372005939484, 0.1015627533197403, 0.0836421474814415, 0.0703905001282692, 0.059702977538108826, 0.055213261395692825], "val_accuracy": [0.8351354598999023, 0.9140109419822693, 0.925563395023346, 0.954245388507843, 0.9438310861587524, 0.9608467817306519, 0.9668222069740295, 0.9622695446014404, 0.9721147418022156, 0.9708627462387085], "val_loss": [0.5205475091934204, 0.2661999762058258, 0.23056025803089142, 0.14399045705795288, 0.17573633790016174, 0.11915867030620575, 0.10863399505615234, 0.12646788358688354, 0.0951574444770813, 0.0993443951010704]}